<?xml version="1.0" encoding="UTF-8"?>
<project-private xmlns="http://www.netbeans.org/ns/project-private/1">
    <editor-bookmarks xmlns="http://www.netbeans.org/ns/editor-bookmarks/2" lastBookmarkId="0"/>
    <open-files xmlns="http://www.netbeans.org/ns/projectui-open-files/2">
        <group>
            <file>file:/C:/Users/Alfster/Documents/NetBeansProjects/VideoGameExam1/src/videogameexam1/Target.java</file>
            <file>file:/C:/Users/Alfster/Documents/NetBeansProjects/VideoGameExam1/src/videogameexam1/VideoGameExam1.java</file>
            <file>file:/C:/Users/Alfster/Documents/NetBeansProjects/VideoGameExam1/src/videogameexam1/Arrow.java</file>
            <file>file:/C:/Users/Alfster/Documents/NetBeansProjects/VideoGameExam1/src/videogameexam1/Blocker.java</file>
            <file>file:/C:/Users/Alfster/Documents/NetBeansProjects/VideoGameExam1/src/videogameexam1/Player.java</file>
        </group>
    </open-files>
</project-private>
